{
	"cog": {
		"title": "COG [Code Officiel Géographique]",
		"endpoint": {
			"regions": {
				"byId": {
					"url":"https://api.sogefi.io/cog/region/{insee}",
					"intersects": "https://api.sogefi.io/cog/regions/intersects",
					"title": "Région"
				}
			},
			"departements": {
				"byId": {
					"url":"https://api.sogefi.io/cog/departement/{insee}",
					"intersects": "https://api.sogefi.io/cog/departements/intersects",
					"title": "Département"
				}
			},
			"epcis": {
				"byId": {
					"url":"https://api.sogefi.io/cog/epci/{code_epci}",
					"intersects": "https://api.sogefi.io/cog/epcis/intersects",
					"title": "EPCI"
				}
			},
			"communes": {
				"byId": {
					"url":"https://api.sogefi.io/cog/commune/{insee}",
					"intersects": "https://api.sogefi.io/cog/communes/intersects",
					"title": "Commune"
				}
			}
		}
	},
	"pci": {
		"title": "PCI [Plan Cadastral Informatisé]",
		"endpoint": {
			"communes": {
				"byId": {
					"url":"https://api.sogefi.io/pci/communes/{insee}",
					"intersects": "https://api.sogefi.io/pci/communes/intersects",
					"title": "Commune"
				}
			},
			"prefixes": {
				"byId": {
					"url":"https://api.sogefi.io/pci/prefixes/{insee-prefixe}",
					"intersects": "",
					"title": "Prefixe"
				}				
			},
			"sections": {
				"byId": {
					"url":"https://api.sogefi.io/pci/sections/{insee-prefixe-section}",
					"intersects": "",
					"title": "Section"
				}				
			},
			"parcelles": {
				"byId": {
					"url": "https://api.sogefi.io/pci/parcelles/{insee-prefixe-section-numero}",
					"intersects": "https://api.sogefi.io/pci/parcelles/intersects",
					"title": "Parcelle"
				}	
			}
		}
	}
}